{"type":"Topology","transform":{"scale":[0.00850239720365604,0.004976024244065094],"translate":[-179.9999999999,-84.71367427324911]},"arcs":[[[37004,18568],[-11,-66],[-8,19],[7,3],[0,12],[12,32]],[[36732,17893],[1,1],[-1,-5],[0,4]],[[36975,18481],[-1,-1],[0,1],[1,0]],[[36946,18409],[2,6],[1,-2],[-3,-4]],[[36961,18441],[0,3],[1,-1],[-1,-2]],[[36973,18468],[1,2],[1,1],[-2,-3]],[[36975,18482],[0,2],[1,-2],[-1,0]],[[36975,18485],[1,2],[0,-1],[-1,-1]],[[36989,18495],[-1,2],[1,-1],[0,-1]],[[36993,18497],[-1,6],[3,-5],[-2,-1]],[[36957,18429],[5,12],[-3,-7],[3,-1],[-5,-4]],[[36973,18462],[2,2],[0,5],[1,-11],[-3,4]],[[36981,18498],[1,-10],[1,-1],[0,0],[1,-6],[-9,-6],[4,11],[1,1],[0,1],[1,-1],[0,1],[0,10]],[[36985,18499],[4,-7],[-3,4],[-1,3]],[[36990,18497],[-5,3],[5,1],[0,-4]],[[36959,18456],[-1,2],[1,0],[0,-2]],[[36962,18434],[0,2],[1,0],[-1,-2]],[[36963,18449],[-1,1],[2,1],[-1,-2]],[[36960,18452],[-1,0],[2,1],[-1,-1]],[[36969,18461],[0,-1],[-1,0],[1,1]],[[36975,18485],[-1,0],[0,1],[1,-1]],[[36723,18100],[-1,1],[1,0],[0,-1]],[[36973,18453],[0,1],[1,0],[-1,-1]],[[36963,18489],[1,-1],[0,-1],[-1,2]],[[36985,18499],[-1,-2],[-1,2],[2,0]],[[36985,18499],[-4,0],[0,1],[4,-1]],[[36984,18504],[2,-2],[-4,2],[2,0]],[[36999,18501],[1,2],[0,-1],[-1,-1]],[[36998,18500],[-1,2],[1,-1],[0,-1]],[[36992,18528],[0,-2],[-1,-1],[1,3]],[[39779,18425],[9,-36],[-3,3],[-6,-1],[-7,5],[7,29]],[[39218,18120],[1,1],[0,-1],[-1,0]],[[38088,18506],[3,-1],[-4,1],[1,0]],[[37419,18955],[-1,3],[1,3],[0,-6]],[[37606,19051],[0,-1],[-1,1],[1,0]],[[37698,18988],[1,-1],[-2,-2],[1,3]],[[38162,18479],[-2,5],[1,-1],[1,-4]],[[38996,18499],[6,2],[-3,-5],[-3,3]],[[38998,18505],[0,4],[2,-3],[-2,-1]],[[39014,18511],[3,-5],[-5,0],[2,5]],[[39039,18462],[0,1],[2,2],[-2,-3]],[[39029,18494],[-2,12],[3,-3],[-1,-9]],[[39034,18488],[-1,6],[3,-1],[-2,-5]],[[39032,18504],[0,5],[4,0],[-4,-5]],[[38775,18750],[3,4],[-2,-8],[-1,4]],[[39223,18131],[-4,-9],[3,8],[1,1]],[[39229,18127],[-1,2],[3,1],[-2,-3]],[[39250,18094],[1,3],[1,-1],[-2,-2]],[[39234,18148],[0,-4],[-1,-1],[1,5]],[[39261,18129],[-2,1],[3,2],[-1,-3]],[[39135,18409],[-1,3],[2,-1],[-1,-2]],[[39004,18501],[-2,-6],[1,11],[2,-5],[-1,0]],[[39029,18520],[7,1],[-7,-7],[0,6]],[[37422,18953],[1,-13],[-16,-19],[15,32]],[[38086,18504],[0,1],[1,0],[-1,-1]],[[38092,18503],[1,1],[0,-1],[-1,0]],[[37616,19019],[-2,1],[2,0],[0,-1]],[[38716,18503],[-2,3],[2,0],[0,-3]],[[38718,18501],[0,4],[1,-3],[-1,-1]],[[39038,18744],[-2,0],[0,1],[2,-1]],[[38094,18506],[1,0],[-1,-1],[0,1]],[[38097,18505],[-1,1],[1,1],[0,-2]],[[37587,19041],[-1,1],[1,0],[0,-1]],[[37592,19035],[-1,1],[1,0],[0,-1]],[[37602,19052],[0,-1],[-1,0],[1,1]],[[37608,19039],[1,1],[1,-1],[-2,0]],[[37612,19037],[-1,2],[2,0],[-1,-2]],[[38363,18533],[-1,1],[0,1],[1,-2]],[[38462,18506],[1,3],[1,-1],[-2,-2]],[[38730,18365],[0,6],[1,0],[-1,-6]],[[38746,18538],[-3,1],[1,1],[2,-2]],[[38746,18559],[0,1],[1,0],[-1,-1]],[[38167,18747],[0,1],[1,0],[-1,-1]],[[39255,18129],[3,1],[0,-1],[-3,0]],[[39052,18750],[-1,1],[0,1],[1,-2]],[[39076,18755],[-1,0],[2,1],[-1,-1]],[[39087,18771],[0,1],[1,0],[-1,-1]],[[39232,18155],[1,-2],[-2,2],[1,0]],[[39129,18398],[-1,0],[0,1],[1,-1]],[[39008,18504],[1,-1],[0,-3],[-1,4]],[[39036,18462],[2,0],[-1,-2],[-1,2]],[[39024,18504],[-2,-2],[1,3],[1,-1]],[[39035,18502],[-1,1],[2,1],[-1,-2]],[[39034,18528],[0,1],[1,0],[-1,-1]],[[38827,18830],[1,0],[-1,-1],[0,1]],[[38862,18745],[-1,1],[1,0],[0,-1]],[[38848,18792],[-1,1],[1,0],[0,-1]],[[39228,18128],[-1,1],[1,0],[0,-1],[0,0]],[[39234,18129],[-1,1],[1,0],[0,-1]],[[39250,18131],[-1,0],[0,1],[1,-1]],[[39317,18661],[3,-4],[0,-9],[-3,13]],[[39431,18551],[9,-3],[-3,-1],[-6,4]],[[39449,18547],[-1,6],[2,-2],[-1,-24],[0,20]],[[39733,18440],[-1,5],[1,-2],[0,-3]],[[39791,18400],[1,1],[0,-1],[-1,-1],[0,1]],[[39789,18424],[0,-3],[-1,-1],[1,4]],[[40341,18104],[3,-20],[-12,0],[9,20]],[[39782,18390],[1,-1],[-1,0],[0,1]],[[39784,18389],[-1,1],[1,0],[0,-1]],[[39787,18427],[1,2],[1,0],[-2,-2]],[[39376,17232],[2,4],[0,-2],[-2,-2]],[[39784,18431],[-1,-1],[1,4],[0,-3]],[[40072,18269],[-1,3],[2,3],[-1,-6]],[[40071,18276],[-1,0],[0,1],[1,-1]],[[39375,17245],[-1,0],[1,1],[0,-1]],[[39397,17794],[0,5],[1,-3],[-1,-2]],[[39729,18446],[-1,2],[2,-1],[-1,-1]],[[39655,18187],[-2,1],[1,0],[1,-1]],[[39676,18187],[-1,0],[0,1],[1,-1]],[[39746,18376],[-1,0],[2,1],[-1,-1]],[[39734,18438],[-1,1],[1,0],[0,-1]],[[39781,18429],[-1,2],[1,0],[0,-2]],[[39795,18401],[1,0],[-1,-1],[0,1]],[[39795,18402],[0,1],[1,0],[-1,-1]],[[41295,18451],[-9,11],[42,-12],[-33,1]],[[41132,18227],[-7,15],[7,-14],[0,-1]],[[41412,18238],[0,1],[1,0],[-1,-1]],[[41011,18492],[6,-2],[-5,0],[-5,5],[4,-3]],[[41028,18489],[-1,-3],[-10,2],[11,1]],[[41291,18475],[-2,-1],[1,1],[1,0]],[[41357,18476],[0,6],[2,-1],[1,2],[-3,-7]],[[41192,18921],[0,6],[2,0],[-2,-6]],[[40961,18614],[-1,1],[1,1],[0,-2]],[[41011,18524],[0,2],[1,0],[-1,-2]],[[41304,18660],[0,-1],[-1,4],[1,-3]],[[41301,18675],[-1,1],[1,0],[0,-1]],[[40955,18587],[1,-1],[-1,0],[0,1]],[[40955,18625],[1,-1],[-1,0],[0,1]],[[41010,18525],[-1,1],[1,0],[0,-1]],[[41014,18526],[1,1],[0,-1],[-1,0]],[[41032,18503],[0,2],[1,-1],[-1,-1]],[[41018,18534],[1,-1],[-2,-1],[1,2]],[[41037,18547],[-1,-1],[0,1],[1,0]],[[41040,18538],[1,-1],[-1,-2],[0,3]],[[41044,18581],[0,3],[1,-1],[-1,-2]],[[41291,18475],[1,-1],[0,-1],[-1,2]],[[41360,18488],[-1,0],[1,1],[0,-1]],[[41303,18666],[0,1],[1,0],[-1,-1]],[[41300,18681],[0,-1],[-1,0],[1,1]],[[41189,18912],[1,1],[0,-1],[-1,0]],[[41190,18930],[-1,1],[1,0],[0,-1]],[[41191,18928],[0,1],[1,-1],[-1,0]],[[41182,18943],[1,2],[1,-1],[-2,-1]],[[41287,18705],[0,1],[1,-1],[-1,0]],[[41310,18774],[-2,-2],[0,2],[2,0]],[[41154,18870],[-1,1],[1,0],[0,-1]],[[41146,18939],[0,1],[1,0],[-1,-1]],[[41151,18938],[-2,1],[2,1],[0,-2]],[[41159,18937],[1,2],[1,-1],[-2,-1]],[[41264,18813],[1,0],[-2,-3],[1,3]],[[41270,18813],[-1,0],[0,1],[1,-1]],[[41175,18913],[0,1],[1,0],[-1,-1]],[[41188,18911],[-1,-3],[0,1],[1,2]],[[41303,18746],[1,0],[0,-1],[-1,1]],[[41304,18755],[0,1],[1,0],[-1,-1]],[[41303,18787],[1,-1],[0,-1],[-1,2]],[[40627,19372],[-4,1],[3,2],[1,-3]],[[41381,18278],[-3,-1],[0,1],[3,0]],[[41382,18279],[3,-1],[-1,0],[-2,1]],[[41369,18258],[-2,14],[4,3],[-2,-17]],[[41378,18238],[-9,15],[39,-19],[-30,4]],[[41375,18275],[0,1],[2,1],[-2,-2]],[[41393,18278],[-1,0],[1,1],[0,-1]],[[41396,18275],[-1,3],[1,-1],[0,-2]],[[41398,18271],[-1,1],[0,1],[1,-2]],[[41404,18272],[0,1],[1,1],[-1,-2]],[[41412,18259],[-1,1],[1,1],[0,-2]],[[41411,18263],[1,-1],[-1,-1],[0,2]],[[41411,18263],[-1,1],[0,1],[1,-2]],[[40612,19375],[-1,1],[1,1],[0,-2]],[[40621,19335],[0,1],[2,0],[-2,-1]],[[40642,19349],[0,2],[1,-2],[-1,0]],[[40643,19338],[0,6],[1,-3],[-1,-3]],[[41381,18278],[1,1]],[[41382,18279],[0,-1],[-1,0]],[[41392,18280],[-1,0],[0,1],[1,-1]],[[41413,18248],[-1,1],[1,0],[0,-1]],[[41413,18250],[-1,1],[1,0],[0,-1]],[[41401,18271],[-1,1],[1,0],[0,-1]],[[41411,18255],[0,1],[1,0],[-1,-1]],[[41125,19259],[0,1],[1,0],[-1,-1]],[[41126,19257],[-1,2],[1,0],[0,-2]],[[41137,19276],[-1,1],[0,1],[1,-2]],[[41146,19283],[0,1],[1,0],[-1,-1]],[[41177,19475],[1,-2],[-1,1],[0,1]],[[41182,19487],[-1,-3],[0,1],[1,2]],[[40617,19334],[-1,2],[2,-1],[-1,-1]],[[40641,19357],[-2,6],[2,-1],[0,-5]],[[41375,18275],[-3,0],[1,1],[2,-1]],[[41145,19279],[3,4],[0,-2],[-3,-2]],[[41266,19089],[2,5],[-1,-6],[-1,1]],[[41043,19956],[6,9],[-1,-5],[-5,-4]],[[41413,18226],[0,5],[1,-7],[-6,9],[5,-7]],[[41419,18213],[-2,2],[0,-2]],[[41417,18213],[-1,4],[1,0],[0,-1],[2,-3]],[[40940,18156],[-1,2],[2,-1],[-1,-1]],[[40105,18987],[-5,2],[5,-1],[0,-1]],[[40261,19360],[1,-3],[-1,2],[0,1]],[[40726,18817],[-2,1],[1,5],[1,-6]],[[40899,18787],[0,12],[1,7],[-1,-19]],[[40852,18854],[-2,1],[2,0],[0,-1]],[[40868,18850],[-3,3],[3,-2],[0,-1]],[[40869,18911],[-2,1],[0,2],[2,-3]],[[40943,18147],[-2,4],[4,5],[-2,-9]],[[41417,18213],[2,-4],[0,-1],[1,0],[0,-3],[-3,8]],[[41049,19041],[0,-2],[-1,2],[1,0]],[[41047,19044],[0,-3],[-1,2],[1,1]],[[40098,18998],[0,1],[1,-1],[-1,0]],[[40259,19361],[0,-1],[-1,0],[1,1]],[[40801,19302],[1,-1],[-1,0],[0,1]],[[40818,19330],[1,-1],[-1,0],[0,1]],