x,min,firstQuartile,median,thirdQuartile,max,outliers
Group 1,-3.529439249291613,2.498913996933074,6,6.517816161082865,12.546169407307552,-4.222649440089676,-3.7995254226812145,12.669680018702707,,,,,,,,,,,,
Group 2,-2.961278855962981,3.1553763355078277,5.31642875968012,7.233146463155033,13.349801654625843,-4.5962772985737645,14.42798091207488,14.832072412460995,,,,,,,,,,,,
Group 3,-0.784362943544294,5.600233888319485,7.606034555385235,9.85663177622867,16.24122860809245,-2.0568265981730285,-2.036299998010181,-1.634595257757523,-0.9751707921193091,-0.9256799494292718,-0.813852054679872,16.255225428689318,19.221712546396496,,,,,,,
Group 4,-3.4976011611041598,2.362493132101971,4.364242960871863,6.269222660906058,12.129316954112188,-5.912277243480174,-4.535668956980487,-4.255719319016919,-4.175200716132927,-4.1021204775116455,-3.7913796362224352,-3.6909919981778567,-3.6261129831962697,12.169135739844744,12.1724073804239,12.191268834215071,12.236896118210165,12.34513716605812,12.826785108558722,13.048968511771164
